,Id,class,num_sibling/spouse,num_parent/child,ticket,price,Seat,departure_from,gender,alive,age
0,1,3,1,0,CUGSP1ULC1,7.25,,S,male,0,22
1,2,1,1,0,RWKPI7Y5RI,71.2833,C85,C,female,1,38
2,3,3,0,0,DTHA121ED6,7.925,,S,female,1,26
3,4,1,1,0,B46YX3C4TM,53.1,C123,S,female,1,35
4,5,3,0,0,YJKMT1KA7C,8.05,,S,male,0,35
5,6,3,0,0,AHPP8L4O9Z,8.4583,,Q,male,0,
6,7,1,0,0,D0H80AU5I9,51.8625,E46,S,male,0,54
7,8,3,3,1,LFU3QFCKDO,21.075,,S,male,0,2
8,9,3,0,2,JVODD8URHJ,11.1333,,S,female,1,27
9,10,2,1,0,N98BAKDV4T,30.0708,,C,female,1,14
10,11,3,1,1,HJZUAK0BM5,16.7,G6,S,female,1,4
11,12,1,0,0,5T631824EH,26.55,C103,S,female,1,58
12,13,3,0,0,VYR8780C33,8.05,,S,male,0,20
13,14,3,1,5,ONAHPM2PSV,31.275,,S,male,0,39
14,15,3,0,0,0HW0ZKX2SB,7.8542,,S,female,0,14
15,16,2,0,0,VRGLHEAF90,16,,S,female,1,55
16,17,3,4,1,H8T63L6K61,29.125,,Q,male,0,2
17,18,2,0,0,00OMUOGCJ6,13,,S,male,1,
18,19,3,1,0,YLVSEVPXKK,18,,S,female,0,31
19,20,3,0,0,FKWFEHV51Y,7.225,,C,female,1,
20,21,2,0,0,Z5TY6LKMY9,26,,S,male,0,35
21,22,2,0,0,FSPFQIJO91,13,D56,S,male,1,34
22,23,3,0,0,7Y1DQWL7M1,8.0292,,Q,female,1,15
23,24,1,0,0,1LR2QSFT1V,35.5,A6,S,male,1,28
24,25,3,3,1,LFU3QFCKDO,21.075,,S,female,0,8
25,26,3,1,5,ZIT0DQRYL4,31.3875,,S,female,1,38
26,27,3,0,0,Q3VONAUZP4,7.225,,C,male,0,
27,28,1,3,2,8LS9MR3BTE,263,C23 C25 C27,S,male,0,19
28,29,3,0,0,QT5LIEQL6V,7.8792,,Q,female,1,
29,30,3,0,0,NABFJNQIYG,7.8958,,S,male,0,
30,31,1,0,0,GRSOXIP76B,27.7208,,C,male,0,40
31,32,1,1,0,PXVFICOJLB,146.5208,B78,C,female,1,
32,33,3,0,0,VCT34E4Y2S,7.75,,Q,female,1,
33,34,2,0,0,6MZBGAMBBX,10.5,,S,male,0,66
34,35,1,1,0,S5SCXBLHRH,82.1708,,C,male,0,28
35,36,1,1,0,GGQNRJ6BNA,52,,S,male,0,42
36,37,3,0,0,U81XJBCUGP,7.2292,,C,male,1,
37,38,3,0,0,Z5TNZT7UD1,8.05,,S,male,0,21
38,39,3,2,0,15CHU1ZI6C,18,,S,female,0,18
39,40,3,1,0,4SYYXTC9VB,11.2417,,C,female,1,14
40,41,3,1,0,BLP4R65ZVZ,9.475,,S,female,0,40
41,42,2,1,0,7G1SKYO1L4,21,,S,female,0,27
42,43,3,0,0,W8W738PF61,7.8958,,C,male,0,
43,44,2,1,2,NGBW6US2EM,41.5792,,C,female,1,3
44,45,3,0,0,LBDAXT5CWV,7.8792,,Q,female,1,19
45,46,3,0,0,OBBME8VUQR,8.05,,S,male,0,
46,47,3,1,0,LHOCWCNK04,15.5,,Q,male,0,
47,48,3,0,0,YY69Z14990,7.75,,Q,female,1,
48,49,3,2,0,W86RWZ60E2,21.6792,,C,male,0,
49,50,3,1,0,J2S89ZCDHI,17.8,,S,female,0,18
50,51,3,4,1,RCM9XV4I3M,39.6875,,S,male,0,7
51,52,3,0,0,H0KFEBPUK3,7.8,,S,male,0,21
52,53,1,1,0,61GVUETJGK,76.7292,D33,C,female,1,49
53,54,2,1,0,FUE1W6WBEM,26,,S,female,1,29
54,55,1,0,1,E2S1S91JTG,61.9792,B30,C,male,0,65
55,56,1,0,0,AMYP38NZCI,35.5,C52,S,male,1,
56,57,2,0,0,ZJNFDO81OD,10.5,,S,female,1,21
57,58,3,0,0,T37FIAM98H,7.2292,,C,male,0,28.5
58,59,2,1,2,ZU6D8P9HD6,27.75,,S,female,1,5
59,60,3,5,2,AFHUAEFZWJ,46.9,,S,male,0,11
60,61,3,0,0,MVAALG71KV,7.2292,,C,male,0,22
61,62,1,0,0,Y7YW04RMB3,80,B28,,female,1,38
62,63,1,1,0,ZD1RM5OQQ5,83.475,C83,S,male,0,45
63,64,3,3,2,QSFWFFSU89,27.9,,S,male,0,4
64,65,1,0,0,VYKR6OB6C6,27.7208,,C,male,0,
65,66,3,1,1,S1ZEINGE98,15.2458,,C,male,1,
66,67,2,0,0,LJIF1XUX2E,10.5,F33,S,female,1,29
67,68,3,0,0,Q69GV25HO2,8.1583,,S,male,0,19
68,69,3,4,2,M4K3H13RHN,7.925,,S,female,1,17
69,70,3,2,0,DSHZY8VS9N,8.6625,,S,male,0,26
70,71,2,0,0,2VIFRI94VX,10.5,,S,male,0,32
71,72,3,5,2,AFHUAEFZWJ,46.9,,S,female,0,16
72,73,2,0,0,TT4801198O,73.5,,S,male,0,21
73,74,3,1,0,YDC6JO2678,14.4542,,C,male,0,26
74,75,3,0,0,Q2E163PJZE,56.4958,,S,male,1,32
75,76,3,0,0,NSJMCWXCLM,7.65,F G73,S,male,0,25
76,77,3,0,0,OB15RWJ6EY,7.8958,,S,male,0,
77,78,3,0,0,I34KUZ7GPV,8.05,,S,male,0,
78,79,2,0,2,TAEVOJ4JQP,29,,S,male,1,0.83
79,80,3,0,0,4EDAGDYH1X,12.475,,S,female,1,30
80,81,3,0,0,J47NRJKKOI,9,,S,male,0,22
81,82,3,0,0,7W15ID82QZ,9.5,,S,male,1,29
82,83,3,0,0,HPAI5YWDGP,7.7875,,Q,female,1,
83,84,1,0,0,J8CHJ7UXEG,47.1,,S,male,0,28
84,85,2,0,0,8MATPT4V27,10.5,,S,female,1,17
85,86,3,3,0,QMXNRLXVQD,15.85,,S,female,1,33
86,87,3,1,3,0PDRPRJ1RM,34.375,,S,male,0,16
87,88,3,0,0,V1UMQBHHN5,8.05,,S,male,0,
88,89,1,3,2,8LS9MR3BTE,263,C23 C25 C27,S,female,1,23
89,90,3,0,0,4RQGP21WU7,8.05,,S,male,0,24
90,91,3,0,0,AGYV4LA0IF,8.05,,S,male,0,29
91,92,3,0,0,BV61SNNXC1,7.8542,,S,male,0,20
92,93,1,1,0,VL6GU2I643,61.175,E31,S,male,0,46
93,94,3,1,2,VSVBM90MZM,20.575,,S,male,0,26
94,95,3,0,0,ECP460HXIW,7.25,,S,male,0,59
95,96,3,0,0,W3OH3JFMAH,8.05,,S,male,0,
96,97,1,0,0,VD2VN6NA9I,34.6542,A5,C,male,0,71
97,98,1,0,1,FH3IPQJN2I,63.3583,D10 D12,C,male,1,23
98,99,2,0,1,IIRJYGYZ1X,23,,S,female,1,34
99,100,2,1,0,PI7I4ZQJK0,26,,S,male,0,34
100,101,3,0,0,NI2XBPLRDL,7.8958,,S,female,0,28
101,102,3,0,0,LXCSC2571X,7.8958,,S,male,0,
102,103,1,0,1,ZF5R9K3XZ2,77.2875,D26,S,male,0,21
103,104,3,0,0,0OPPRTIZ70,8.6542,,S,male,0,33
104,105,3,2,0,8B2YJMFZRJ,7.925,,S,male,0,37
105,106,3,0,0,OSUFC3RFQN,7.8958,,S,male,0,28
106,107,3,0,0,NMYJH0N6UK,7.65,,S,female,1,21
107,108,3,0,0,2142I7721C,7.775,,S,male,1,
108,109,3,0,0,F42H0NOFG4,7.8958,,S,male,0,38
109,110,3,1,0,D7GR7MJG2G,24.15,,Q,female,1,
110,111,1,0,0,T503DUF6WV,52,C110,S,male,0,47
111,112,3,1,0,YMRFOR3T5B,14.4542,,C,female,0,14.5
112,113,3,0,0,9UDV8ZDO74,8.05,,S,male,0,22
113,114,3,1,0,YSVE5FLURH,9.825,,S,female,0,20
114,115,3,0,0,HF6QFMLFGJ,14.4583,,C,female,0,17
115,116,3,0,0,A33644APE0,7.925,,S,male,0,21
116,117,3,0,0,J1N60QVAZI,7.75,,Q,male,0,70.5
117,118,2,1,0,7G1SKYO1L4,21,,S,male,0,29
118,119,1,0,1,XBFLYV2R9T,247.5208,B58 B60,C,male,0,24
119,120,3,4,2,ONAHPM2PSV,31.275,,S,female,0,2
120,121,2,2,0,TT4801198O,73.5,,S,male,0,21
121,122,3,0,0,K0CU12PS1C,8.05,,S,male,0,
122,123,2,1,0,N98BAKDV4T,30.0708,,C,male,0,32.5
123,124,2,0,0,0Y14MI2UQD,13,E101,S,female,1,32.5
124,125,1,0,1,ZF5R9K3XZ2,77.2875,D26,S,male,0,54
125,126,3,1,0,4SYYXTC9VB,11.2417,,C,male,1,12
126,127,3,0,0,GWUON12SZF,7.75,,Q,male,0,
127,128,3,0,0,Y90UZPZTMH,7.1417,,S,male,1,24
128,129,3,1,1,CQ8ZS5I69C,22.3583,F E69,C,female,1,
129,130,3,0,0,7UPJ8B7VX0,6.975,,S,male,0,45
130,131,3,0,0,3GE2ZWTXAY,7.8958,,C,male,0,33
131,132,3,0,0,1GVGYPNR3X,7.05,,S,male,0,20
132,133,3,1,0,E8ARL7RJJP,14.5,,S,female,0,47
133,134,2,1,0,X4DT3SGFE7,26,,S,female,1,29
134,135,2,0,0,KK290DFR0R,13,,S,male,0,25
135,136,2,0,0,SRE0GWVWGJ,15.0458,,C,male,0,23
136,137,1,0,2,GDTZ3M0C3X,26.2833,D47,S,female,1,19
137,138,1,1,0,B46YX3C4TM,53.1,C123,S,male,0,37
138,139,3,0,0,9XOJSY5SOC,9.2167,,S,male,0,16
139,140,1,0,0,H4NVTGQORX,79.2,B86,C,male,0,24
140,141,3,0,2,Q5UXL5H4S9,15.2458,,C,female,0,
141,142,3,0,0,X2LHOJXF7W,7.75,,S,female,1,22
142,143,3,1,0,ZL226WKTES,15.85,,S,female,1,24
143,144,3,0,0,YS6NV1QRB5,6.75,,Q,male,0,19
144,145,2,0,0,EV4VLTST7Q,11.5,,S,male,0,18
145,146,2,1,1,7KI5JWRIVW,36.75,,S,male,0,19
146,147,3,0,0,YSPQ4OZ1MC,7.7958,,S,male,1,27
147,148,3,2,2,0PDRPRJ1RM,34.375,,S,female,0,9
148,149,2,0,2,2JDV5TH8C1,26,F2,S,male,0,36.5
149,150,2,0,0,F8TRVP8TG2,13,,S,male,0,42
150,151,2,0,0,WV97E5U0R3,12.525,,S,male,0,51
151,152,1,1,0,55YUA054SL,66.6,C2,S,female,1,22
152,153,3,0,0,99IO9HKX95,8.05,,S,male,0,55.5
153,154,3,0,2,P0OA5JCMDN,14.5,,S,male,0,40.5
154,155,3,0,0,NXENV7F6FO,7.3125,,S,male,0,
155,156,1,0,1,AP77ENZV7L,61.3792,,C,male,0,51
156,157,3,0,0,N43Y06B6ZS,7.7333,,Q,female,1,16
157,158,3,0,0,E34ALTNYLI,8.05,,S,male,0,30
158,159,3,0,0,JP7RV5X3GP,8.6625,,S,male,0,
159,160,3,8,2,8CLGUH86EQ,69.55,,S,male,0,
160,161,3,0,1,1VJ1R46ANE,16.1,,S,male,0,44
161,162,2,0,0,BDQEPV9K3T,15.75,,S,female,1,40
162,163,3,0,0,M6QXDIMEIK,7.775,,S,male,0,26
163,164,3,0,0,TEV7Z8YEFQ,8.6625,,S,male,0,17
164,165,3,4,1,RCM9XV4I3M,39.6875,,S,male,0,1
165,166,3,0,2,QVD1C7JRD1,20.525,,S,male,1,9
166,167,1,0,1,0OTAWA6MO8,55,E33,S,female,1,
167,168,3,1,4,QSFWFFSU89,27.9,,S,female,0,45
168,169,1,0,0,FALPXVL8PF,25.925,,S,male,0,
169,170,3,0,0,Q2E163PJZE,56.4958,,S,male,0,28
170,171,1,0,0,A1FGT5ZGKX,33.5,B19,S,male,0,61
171,172,3,4,1,H8T63L6K61,29.125,,Q,male,0,4
172,173,3,1,1,JVODD8URHJ,11.1333,,S,female,1,1
173,174,3,0,0,76XIWS63YA,7.925,,S,male,0,21
174,175,1,0,0,0UBYFMQPOG,30.6958,A7,C,male,0,56
175,176,3,1,1,GEDHJWQKWO,7.8542,,S,male,0,18
176,177,3,3,1,DC398DG2KZ,25.4667,,S,male,0,
177,178,1,0,0,0XAHCUT8FI,28.7125,C49,C,female,0,50
178,179,2,0,0,71KQMANX8Q,13,,S,male,0,30
179,180,3,0,0,JPBOYXJAGI,0,,S,male,0,36
180,181,3,8,2,8CLGUH86EQ,69.55,,S,female,0,
181,182,2,0,0,TU79SL19BE,15.05,,C,male,0,
182,183,3,4,2,ZIT0DQRYL4,31.3875,,S,male,0,9
183,184,2,2,1,XE1ZDNCE96,39,F4,S,male,1,1
184,185,3,0,2,PHACFSVANV,22.025,,S,female,1,4
185,186,1,0,0,QONJ6G79SU,50,A32,S,male,0,
186,187,3,1,0,8B3PYR0JSZ,15.5,,Q,female,1,
187,188,1,0,0,M7H1M38QVG,26.55,,S,male,1,45
188,189,3,1,1,K3VQ5T4822,15.5,,Q,male,0,40
189,190,3,0,0,VURSK4U8BW,7.8958,,S,male,0,36
190,191,2,0,0,7CU2DJO3NY,13,,S,female,1,32
191,192,2,0,0,J4UNHPQ1XO,13,,S,male,0,19
192,193,3,1,0,HXVLY2PLUB,7.8542,,S,female,1,19
193,194,2,1,1,2JDV5TH8C1,26,F2,S,male,1,3
194,195,1,0,0,XUQRHEGHBS,27.7208,B4,C,female,1,44
195,196,1,0,0,PXVFICOJLB,146.5208,B80,C,female,1,58
196,197,3,0,0,Q8O50QYK2J,7.75,,Q,male,0,
197,198,3,0,1,S872CJKJB8,8.4042,,S,male,0,42
198,199,3,0,0,SXHATAZOKM,7.75,,Q,female,1,
199,200,2,0,0,ZMESA8F4KH,13,,S,female,0,24
200,201,3,0,0,0SQR03B5BT,9.5,,S,male,0,28
201,202,3,8,2,8CLGUH86EQ,69.55,,S,male,0,
202,203,3,0,0,W8SY10BS9Z,6.4958,,S,male,0,34
203,204,3,0,0,HNJ0JH92MR,7.225,,C,male,0,45.5
204,205,3,0,0,EOXCHKBTH6,8.05,,S,male,1,18
205,206,3,0,1,25G3VW8UJ5,10.4625,G6,S,female,0,2
206,207,3,1,0,QMXNRLXVQD,15.85,,S,male,0,32
207,208,3,0,0,9XAAACQR3E,18.7875,,C,male,1,26
208,209,3,0,0,QJWX3NLRFI,7.75,,Q,female,1,16
209,210,1,0,0,TYG8FMK9PB,31,A31,C,male,1,40
210,211,3,0,0,X8VUCV58TN,7.05,,S,male,0,24
211,212,2,0,0,Z53E7NX4DF,21,,S,female,1,35
212,213,3,0,0,4HZEKJIGTO,7.25,,S,male,0,22
213,214,2,0,0,7MNNE5AHUM,13,,S,male,0,30
214,215,3,1,0,CA3FFIX3DE,7.75,,Q,male,0,
215,216,1,1,0,3SSYHVCFTC,113.275,D36,C,female,1,31
216,217,3,0,0,R1CL15S8E0,7.925,,S,female,1,27
217,218,2,1,0,WP0LFF4SCR,27,,S,male,0,42
218,219,1,0,0,1G2RQ2O4ZX,76.2917,D15,C,female,1,32
219,220,2,0,0,2AABX7S2UN,10.5,,S,male,0,30
220,221,3,0,0,8LWH2FUCZK,8.05,,S,male,1,16
221,222,2,0,0,JBGFSLHY8P,13,,S,male,0,27
222,223,3,0,0,QIWIQOTMCQ,8.05,,S,male,0,51
223,224,3,0,0,S4E4OW6W55,7.8958,,S,male,0,
224,225,1,1,0,XD0D5OW156,90,C93,S,male,1,38
225,226,3,0,0,ZOCBU2D13L,9.35,,S,male,0,22
226,227,2,0,0,DVJ3TT68RR,10.5,,S,male,1,19
227,228,3,0,0,4UZZ6VEF8M,7.25,,S,male,0,20.5
228,229,2,0,0,38KA1V4A5K,13,,S,male,0,18
229,230,3,3,1,DC398DG2KZ,25.4667,,S,female,0,
230,231,1,1,0,ZD1RM5OQQ5,83.475,C83,S,female,1,35
231,232,3,0,0,FMETY7IVN8,7.775,,S,male,0,29
232,233,2,0,0,RJQS0WVYHE,13.5,,S,male,0,59
233,234,3,4,2,ZIT0DQRYL4,31.3875,,S,female,1,5
234,235,2,0,0,BQ16C69RLG,10.5,,S,male,0,24
235,236,3,0,0,NIO4A1W4LZ,7.55,,S,female,0,
236,237,2,1,0,TRIPI4D4U9,26,,S,male,0,44
237,238,2,0,2,6JV1F4I15Q,26.25,,S,female,1,8
238,239,2,0,0,WLK9P5UGC8,10.5,,S,male,0,19
239,240,2,0,0,ULOSNIRKGS,12.275,,S,male,0,33
240,241,3,1,0,YMRFOR3T5B,14.4542,,C,female,0,
241,242,3,1,0,B2PKTLC82H,15.5,,Q,female,1,
242,243,2,0,0,G62BM15743,10.5,,S,male,0,29
243,244,3,0,0,A94I00ZAOO,7.125,,S,male,0,22
244,245,3,0,0,FLS044LO64,7.225,,C,male,0,30
245,246,1,2,0,ZCUWUCJL89,90,C78,Q,male,0,44
246,247,3,0,0,7WV1N11LU2,7.775,,S,female,0,25
247,248,2,0,2,3554JJVGPS,14.5,,S,female,1,24
248,249,1,1,1,8JP9FFAN8S,52.5542,D35,S,male,1,37
249,250,2,1,0,D1DWWKTAC2,26,,S,male,0,54
250,251,3,0,0,B4SW3NVXXX,7.25,,S,male,0,
251,252,3,1,1,25G3VW8UJ5,10.4625,G6,S,female,0,29
252,253,1,0,0,PCSAATAKTF,26.55,C87,S,male,0,62
253,254,3,1,0,A46A6Z8LES,16.1,,S,male,0,30
254,255,3,0,2,QGYU4M4437,20.2125,,S,female,0,41
255,256,3,0,2,U8IJIARVD9,15.2458,,C,female,1,29
256,257,1,0,0,HIPI0MKTMX,79.2,,C,female,1,
257,258,1,0,0,PG1XTDO3IL,86.5,B77,S,female,1,30
258,259,1,0,0,MOG2FTNWIT,512.3292,,C,female,1,35
259,260,2,0,1,JYL1TRFO5V,26,,S,female,1,50
260,261,3,0,0,PJHA8DSTFJ,7.75,,Q,male,0,
261,262,3,4,2,ZIT0DQRYL4,31.3875,,S,male,1,3
262,263,1,1,1,5FTGNM7O0R,79.65,E67,S,male,0,52
263,264,1,0,0,RKNY2EZX9B,0,B94,S,male,0,40
264,265,3,0,0,LXBFNV1IVI,7.75,,Q,female,0,
265,266,2,0,0,99S2KQW7AV,10.5,,S,male,0,36
266,267,3,4,1,RCM9XV4I3M,39.6875,,S,male,0,16
267,268,3,1,0,04IO4N1LWC,7.775,,S,male,1,25
268,269,1,0,1,I69FD46WQJ,153.4625,C125,S,female,1,58
269,270,1,0,0,ZWLOGUUZAR,135.6333,C99,S,female,1,35
270,271,1,0,0,29HHFNDGJR,31,,S,male,0,
271,272,3,0,0,JPBOYXJAGI,0,,S,male,1,25
272,273,2,0,1,4XBL0OY6ZP,19.5,,S,female,1,41
273,274,1,0,1,7UJ0F7YKNO,29.7,C118,C,male,0,37
274,275,3,0,0,4NUVZV834G,7.75,,Q,female,1,
275,276,1,1,0,KGQJ2XQW9R,77.9583,D7,S,female,1,63
276,277,3,0,0,J5A9AFADSC,7.75,,S,female,0,45
277,278,2,0,0,W81U93WI2F,0,,S,male,0,
278,279,3,4,1,H8T63L6K61,29.125,,Q,male,0,7
279,280,3,1,1,2BWDFWN0UW,20.25,,S,female,1,35
280,281,3,0,0,25729D14EY,7.75,,Q,male,0,65
281,282,3,0,0,08CSS2ZCVN,7.8542,,S,male,0,28
282,283,3,0,0,IHCYTN2VAD,9.5,,S,male,0,16
283,284,3,0,0,1MOYDFD796,8.05,,S,male,1,19
284,285,1,0,0,OF3FXOXEJT,26,A19,S,male,0,
285,286,3,0,0,5XOLKQ8YAY,8.6625,,C,male,0,33
286,287,3,0,0,NL80FLGLPV,9.5,,S,male,1,30
287,288,3,0,0,AY5TE9ZXIA,7.8958,,S,male,0,22
288,289,2,0,0,FB6PG56UZT,13,,S,male,1,42
289,290,3,0,0,JGHC9D4OO4,7.75,,Q,female,1,22
290,291,1,0,0,F8EB6YNAM9,78.85,,S,female,1,26
291,292,1,1,0,1KUKLG5AFH,91.0792,B49,C,female,1,19
292,293,2,0,0,9A4H3Q3YV8,12.875,D,C,male,0,36
293,294,3,0,0,AH7JW7GDPA,8.85,,S,female,0,24
294,295,3,0,0,8I3I0EIREJ,7.8958,,S,male,0,24
295,296,1,0,0,8MZW65BMKD,27.7208,,C,male,0,
296,297,3,0,0,IJ2TO6V4L0,7.2292,,C,male,0,23.5
297,298,1,1,2,ATWOFP71O1,151.55,C22 C26,S,female,0,2
298,299,1,0,0,4J219OUY76,30.5,C106,S,male,1,
299,300,1,0,1,XBFLYV2R9T,247.5208,B58 B60,C,female,1,50
300,301,3,0,0,JIKTZLCO4G,7.75,,Q,female,1,
301,302,3,2,0,GIIW0PK31W,23.25,,Q,male,1,
302,303,3,0,0,JPBOYXJAGI,0,,S,male,0,19
303,304,2,0,0,RH1PTOQPWL,12.35,E101,Q,female,1,
304,305,3,0,0,4A4QEPQAGS,8.05,,S,male,0,
305,306,1,1,2,ATWOFP71O1,151.55,C22 C26,S,male,1,0.92
306,307,1,0,0,56S2EQ8FX0,110.8833,,C,female,1,
307,308,1,1,0,1OREBBH810,108.9,C65,C,female,1,17
308,309,2,1,0,W02RDNFJ8S,24,,C,male,0,30
309,310,1,0,0,IG0R7ICS0T,56.9292,E36,C,female,1,30
310,311,1,0,0,GG7O0CN3V0,83.1583,C54,C,female,1,24
311,312,1,2,2,INXX02LTQG,262.375,B57 B59 B63 B66,C,female,1,18
312,313,2,1,1,ML82OADMEZ,26,,S,female,0,26
313,314,3,0,0,8EPKGHOLU0,7.8958,,S,male,0,28
314,315,2,1,1,051GT5UCX5,26.25,,S,male,0,43
315,316,3,0,0,VH22T856G0,7.8542,,S,female,1,26
316,317,2,1,0,PI7I4ZQJK0,26,,S,female,1,24
317,318,2,0,0,2EQCRHWMQD,14,,S,male,0,54
318,319,1,0,2,1KOC75MM8E,164.8667,C7,S,female,1,31
319,320,1,1,1,RMRYNM9XTY,134.5,E34,C,female,1,40
320,321,3,0,0,AKWTHQSO6N,7.25,,S,male,0,22
321,322,3,0,0,LWCMCG77H0,7.8958,,S,male,0,27
322,323,2,0,0,H5X46672DZ,12.35,,Q,female,1,30
323,324,2,1,1,TAEVOJ4JQP,29,,S,female,1,22
324,325,3,8,2,8CLGUH86EQ,69.55,,S,male,0,
325,326,1,0,0,ZWLOGUUZAR,135.6333,C32,C,female,1,36
326,327,3,0,0,VI3V7UCFQK,6.2375,,S,male,0,61
327,328,2,0,0,8DX03E6A3P,13,D,S,female,1,36
328,329,3,1,1,QVD1C7JRD1,20.525,,S,female,1,31
329,330,1,0,1,I6CYNF9T97,57.9792,B18,C,female,1,16
330,331,3,2,0,GIIW0PK31W,23.25,,Q,female,1,
331,332,1,0,0,04W757XA54,28.5,C124,S,male,0,45.5
332,333,1,0,1,I69FD46WQJ,153.4625,C91,S,male,0,38
333,334,3,2,0,15CHU1ZI6C,18,,S,male,0,16
334,335,1,1,0,S7T3DXPXV5,133.65,,S,female,1,
335,336,3,0,0,HTGEAXG146,7.8958,,S,male,0,
336,337,1,1,0,55YUA054SL,66.6,C2,S,male,0,29
337,338,1,0,0,RMRYNM9XTY,134.5,E40,C,female,1,41
338,339,3,0,0,VXHUNV2KKO,8.05,,S,male,1,45
339,340,1,0,0,GG2VNFY0RC,35.5,T,S,male,0,45
340,341,2,1,1,2JDV5TH8C1,26,F2,S,male,1,2
341,342,1,3,2,8LS9MR3BTE,263,C23 C25 C27,S,female,1,24
342,343,2,0,0,4AZCEKDF1I,13,,S,male,0,28
343,344,2,0,0,4OCX9OXD79,13,,S,male,0,25
344,345,2,0,0,0QJCOQFLD8,13,,S,male,0,36
345,346,2,0,0,BD5BGD66JF,13,F33,S,female,1,24
346,347,2,0,0,OMDLI3B8TS,13,,S,female,1,40
347,348,3,1,0,FSI5S6N0UL,16.1,,S,female,1,
348,349,3,1,1,8TZ3E1C47N,15.9,,S,male,1,3
349,350,3,0,0,RADU7VMRMO,8.6625,,S,male,0,42
350,351,3,0,0,SS7X8TJ7YT,9.225,,S,male,0,23
351,352,1,0,0,IFWJZ98S60,35,C128,S,male,0,
352,353,3,1,1,3896M460G4,7.2292,,C,male,0,15
353,354,3,1,0,J2S89ZCDHI,17.8,,S,male,0,25
354,355,3,0,0,O1RAHNNXW1,7.225,,C,male,0,
355,356,3,0,0,9F3FWABPCS,9.5,,S,male,0,28
356,357,1,0,1,0OTAWA6MO8,55,E33,S,female,1,22
357,358,2,0,0,L810OCZS2H,13,,S,female,0,38
358,359,3,0,0,RBOWDU5FWK,7.8792,,Q,female,1,
359,360,3,0,0,EHZ3MQP8HG,7.8792,,Q,female,1,
360,361,3,1,4,QSFWFFSU89,27.9,,S,male,0,40
361,362,2,1,0,A8CD3CE6AV,27.7208,,C,male,0,29
362,363,3,0,1,1JYJUX8XJ1,14.4542,,C,female,0,45
363,364,3,0,0,PND01RFOYC,7.05,,S,male,0,35
364,365,3,1,0,8B3PYR0JSZ,15.5,,Q,male,0,
365,366,3,0,0,TB478D9U5T,7.25,,S,male,0,30
366,367,1,1,0,NYI9KXGOR4,75.25,D37,C,female,1,60
367,368,3,0,0,XVVLLR3LD7,7.2292,,C,female,1,
368,369,3,0,0,22BR76CJHX,7.75,,Q,female,1,
369,370,1,0,0,XD7RLTEH4X,69.3,B35,C,female,1,24
370,371,1,1,0,2JD5LMA2XB,55.4417,E50,C,male,1,25
371,372,3,1,0,L68N5WW7IC,6.4958,,S,male,0,18
372,373,3,0,0,F4ABBPL3JT,8.05,,S,male,0,19
373,374,1,0,0,ZWLOGUUZAR,135.6333,,C,male,0,22
374,375,3,3,1,LFU3QFCKDO,21.075,,S,female,0,3
375,376,1,1,0,S5SCXBLHRH,82.1708,,C,female,1,
376,377,3,0,0,OKLIJC0TXC,7.25,,S,female,1,22
377,378,1,0,2,QQQRZT7JFA,211.5,C82,C,male,0,27
378,379,3,0,0,78ILDDDE0K,4.0125,,C,male,0,20
379,380,3,0,0,08B8XFH857,7.775,,S,male,0,19
380,381,1,0,0,VS2OP0ORBW,227.525,,C,female,1,42
381,382,3,0,2,X4DMH9UPZS,15.7417,,C,female,1,1
382,383,3,0,0,N8VM0ZJ1JE,7.925,,S,male,0,32
383,384,1,1,0,GGQNRJ6BNA,52,,S,female,1,35
384,385,3,0,0,DWQLIZM852,7.8958,,S,male,0,
385,386,2,0,0,TT4801198O,73.5,,S,male,0,18
386,387,3,5,2,AFHUAEFZWJ,46.9,,S,male,0,1
387,388,2,0,0,P238D4WFT3,13,,S,female,1,36
388,389,3,0,0,YNX1T3U4UP,7.7292,,Q,male,0,
389,390,2,0,0,X9NSEYVI7G,12,,C,female,1,17
390,391,1,1,2,UUG6QRGJHN,120,B96 B98,S,male,1,36
391,392,3,0,0,UUPXP3CRWY,7.7958,,S,male,1,21
392,393,3,2,0,7H8A59QL0Q,7.925,,S,male,0,28
393,394,1,1,0,3SSYHVCFTC,113.275,D36,C,female,1,23
394,395,3,0,2,HJZUAK0BM5,16.7,G6,S,female,1,24
395,396,3,0,0,8FGTOGCDX9,7.7958,,S,male,0,22
396,397,3,0,0,YAB49FBUQ5,7.8542,,S,female,0,31
397,398,2,0,0,M4ESAUHGL4,26,,S,male,0,46
398,399,2,0,0,LAOUMXKRPU,10.5,,S,male,0,23
399,400,2,0,0,NXS0KNGLVJ,12.65,,S,female,1,28
400,401,3,0,0,ZDRK7UVUCR,7.925,,S,male,1,39
401,402,3,0,0,YPRXPVFCF7,8.05,,S,male,0,26
402,403,3,1,0,JSPWL0VOOX,9.825,,S,female,0,21
403,404,3,1,0,ZL226WKTES,15.85,,S,male,0,28
404,405,3,0,0,THPB21SSZI,8.6625,,S,female,0,20
405,406,2,1,0,FVCFQXN8ZW,21,,S,male,0,34
406,407,3,0,0,019REBAZLC,7.75,,S,male,0,51
407,408,2,1,1,50JB37RJJ8,18.75,,S,male,1,3
408,409,3,0,0,UTSY5YURH8,7.775,,S,male,0,21
409,410,3,3,1,DC398DG2KZ,25.4667,,S,female,0,
410,411,3,0,0,Y9INS6M4DC,7.8958,,S,male,0,
411,412,3,0,0,ATZ7GJJEAU,6.8583,,Q,male,0,
412,413,1,1,0,ZCUWUCJL89,90,C78,Q,female,1,33
413,414,2,0,0,W81U93WI2F,0,,S,male,0,
414,415,3,0,0,LP6BGNDHQ3,7.925,,S,male,1,44
415,416,3,0,0,4AQ19GB4LH,8.05,,S,female,0,
416,417,2,1,1,7JC5GG2LVF,32.5,,S,female,1,34
417,418,2,0,2,LGQVHBGGOG,13,,S,female,1,18
418,419,2,0,0,A092F463CL,13,,S,male,0,30
419,420,3,0,2,FQDWU0KKOC,24.15,,S,female,0,10
420,421,3,0,0,JJETT6VJWU,7.8958,,C,male,0,
421,422,3,0,0,8N43NX54U0,7.7333,,Q,male,0,21
422,423,3,0,0,OENL0N6FEC,7.875,,S,male,0,29
423,424,3,1,1,WRT1XM5W1K,14.4,,S,female,0,28
424,425,3,1,1,QGYU4M4437,20.2125,,S,male,0,18
425,426,3,0,0,WHPEF4XQTI,7.25,,S,male,0,
426,427,2,1,0,VE2XDE3GT8,26,,S,female,1,28
427,428,2,0,0,1MSHOR0CZT,26,,S,female,1,19
428,429,3,0,0,RJFV729SOH,7.75,,Q,male,0,
429,430,3,0,0,7K721JMO8W,8.05,E10,S,male,1,32
430,431,1,0,0,3S6EE8QPHE,26.55,C52,S,male,1,28
431,432,3,1,0,LCXYM85PES,16.1,,S,female,1,
432,433,2,1,0,UO0ND4Z5UK,26,,S,female,1,42
433,434,3,0,0,6TCC0Y114B,7.125,,S,male,0,17
434,435,1,1,0,ZJWGAVW2YQ,55.9,E44,S,male,0,50
435,436,1,1,2,UUG6QRGJHN,120,B96 B98,S,female,1,14
436,437,3,2,2,0PDRPRJ1RM,34.375,,S,female,0,21
437,438,2,2,3,50JB37RJJ8,18.75,,S,female,1,24
438,439,1,1,4,8LS9MR3BTE,263,C23 C25 C27,S,male,0,64
439,440,2,0,0,FCH52OIRVG,10.5,,S,male,0,31
440,441,2,1,1,051GT5UCX5,26.25,,S,female,1,45
441,442,3,0,0,LW2EWH7E0V,9.5,,S,male,0,20
442,443,3,1,0,D30EOWLGYL,7.775,,S,male,0,25
443,444,2,0,0,ZNM15PTGHB,13,,S,female,1,28
444,445,3,0,0,6SWP6J6PUI,8.1125,,S,male,1,
445,446,1,0,2,K2RPC1EE8D,81.8583,A34,S,male,1,4
446,447,2,0,1,4XBL0OY6ZP,19.5,,S,female,1,13
447,448,1,0,0,I6XMZBY6NA,26.55,,S,male,1,34
448,449,3,2,1,9KCID4V9UW,19.2583,,C,female,1,5
449,450,1,0,0,QLFMDQU4Q8,30.5,C104,S,male,1,52
450,451,2,1,2,ZU6D8P9HD6,27.75,,S,male,0,36
451,452,3,1,0,I5EWCK42NK,19.9667,,S,male,0,
452,453,1,0,0,X3V2CKWJJB,27.75,C111,C,male,0,30
453,454,1,1,0,IZLXRECH1T,89.1042,C92,C,male,1,49
454,455,3,0,0,QV7JCJT575,8.05,,S,male,0,
455,456,3,0,0,V2ZXI3XBK6,7.8958,,C,male,1,29
456,457,1,0,0,FUAAEU1XBK,26.55,E38,S,male,0,65
457,458,1,1,0,5LE9JOLNEG,51.8625,D21,S,female,1,
458,459,2,0,0,OKEA6BVR6T,10.5,,S,female,1,50
459,460,3,0,0,B53CWKBR00,7.75,,Q,male,0,
460,461,1,0,0,4PNGAL7R3V,26.55,E12,S,male,1,48
461,462,3,0,0,W5YWXGKIFP,8.05,,S,male,0,34
462,463,1,0,0,IP5TCHVBSN,38.5,E63,S,male,0,47
463,464,2,0,0,LP3TSW37CP,13,,S,male,0,48
464,465,3,0,0,Y0SKGZAHWZ,8.05,,S,male,0,
465,466,3,0,0,Q4HSK5AR3W,7.05,,S,male,0,38
466,467,2,0,0,W81U93WI2F,0,,S,male,0,
467,468,1,0,0,K3HM61IKNQ,26.55,,S,male,0,56
468,469,3,0,0,6L7KZTRGA3,7.725,,Q,male,0,
469,470,3,2,1,9KCID4V9UW,19.2583,,C,female,1,0.75
470,471,3,0,0,JSW9ASKPIY,7.25,,S,male,0,
471,472,3,0,0,L0H2STJVMS,8.6625,,S,male,0,38
472,473,2,1,2,ZU6D8P9HD6,27.75,,S,female,1,33
473,474,2,0,0,O8SIEDYEUB,13.7917,D,C,female,1,23
474,475,3,0,0,2PR76YZEHN,9.8375,,S,female,0,22
475,476,1,0,0,T503DUF6WV,52,A14,S,male,0,
476,477,2,1,0,T25N6PSWYI,21,,S,male,0,34
477,478,3,1,0,Y0UR0T1FKN,7.0458,,S,male,0,29
478,479,3,0,0,MMS2JCYE71,7.5208,,S,male,0,22
479,480,3,0,1,P9BS9ZZZH9,12.2875,,S,female,1,2
480,481,3,5,2,AFHUAEFZWJ,46.9,,S,male,0,9
481,482,2,0,0,4XH0NV5EEK,0,,S,male,0,
482,483,3,0,0,TMLTHRMLSP,8.05,,S,male,0,50
483,484,3,0,0,QE9FI7R6NI,9.5875,,S,female,1,63
484,485,1,1,0,1KUKLG5AFH,91.0792,B49,C,male,1,25
485,486,3,3,1,DC398DG2KZ,25.4667,,S,female,0,
486,487,1,1,0,XD0D5OW156,90,C93,S,female,1,35
487,488,1,0,0,2M0EDNILN7,29.7,B37,C,male,0,58
488,489,3,0,0,TTW62JT3QC,8.05,,S,male,0,30
489,490,3,1,1,8TZ3E1C47N,15.9,,S,male,1,9
490,491,3,1,0,BNODAI02M2,19.9667,,S,male,0,
491,492,3,0,0,15TYEQ5B0K,7.25,,S,male,0,21
492,493,1,0,0,F5Z7KTUQV7,30.5,C30,S,male,0,55
493,494,1,0,0,MAY8K8OASQ,49.5042,,C,male,0,71
494,495,3,0,0,GDIVXJNTSB,8.05,,S,male,0,21
495,496,3,0,0,HF6QFMLFGJ,14.4583,,C,male,0,
496,497,1,1,0,F86D3DSWUW,78.2667,D20,C,female,1,54
497,498,3,0,0,245I39LCX7,15.1,,S,male,0,
498,499,1,1,2,ATWOFP71O1,151.55,C22 C26,S,female,0,25
499,500,3,0,0,YFWA1FGZJE,7.7958,,S,male,0,24
500,501,3,0,0,BKLBU1WGBL,8.6625,,S,male,0,17
501,502,3,0,0,T7CUI122RK,7.75,,Q,female,0,21
502,503,3,0,0,MTN3W8E9KD,7.6292,,Q,female,0,
503,504,3,0,0,N3YV5LZBEY,9.5875,,S,female,0,37
504,505,1,0,0,PG1XTDO3IL,86.5,B79,S,female,1,16
505,506,1,1,0,1OREBBH810,108.9,C65,C,male,0,18
506,507,2,0,2,4W6QP1VWPH,26,,S,female,1,33
507,508,1,0,0,U46KIH1RUN,26.55,,S,male,1,
508,509,3,0,0,B2Q07HHUWV,22.525,,S,male,0,28
509,510,3,0,0,Q2E163PJZE,56.4958,,S,male,1,26
510,511,3,0,0,PTJM3JCEOL,7.75,,Q,male,1,29
511,512,3,0,0,YXGUB1JA7W,8.05,,S,male,0,
512,513,1,0,0,697PERHHWN,26.2875,E25,S,male,1,36
513,514,1,1,0,OJRYQ9OV2C,59.4,,C,female,1,54
514,515,3,0,0,H2C5X6EU5W,7.4958,,S,male,0,24
515,516,1,0,0,F9RFN7ES6P,34.0208,D46,S,male,0,47
516,517,2,0,0,AWHSTLKH8E,10.5,F33,S,female,1,34
517,518,3,0,0,D7GR7MJG2G,24.15,,Q,male,0,
518,519,2,1,0,Q950BIKRN6,26,,S,female,1,36
519,520,3,0,0,N4UEYZU212,7.8958,,S,male,0,32
520,521,1,0,0,7VQS6VDXYM,93.5,B73,S,female,1,30
521,522,3,0,0,KT4MNEY76T,7.8958,,S,male,0,22
522,523,3,0,0,EFD82P5MXA,7.225,,C,male,0,
523,524,1,0,1,I6CYNF9T97,57.9792,B18,C,female,1,44
524,525,3,0,0,NESXOUBTM5,7.2292,,C,male,0,
525,526,3,0,0,ZWZ2C6QHSS,7.75,,Q,male,0,40.5
526,527,2,0,0,PHFCFOLT6B,10.5,,S,female,1,50
527,528,1,0,0,CCGEYGS5RC,221.7792,C95,S,male,0,
528,529,3,0,0,R49O48T329,7.925,,S,male,0,39
529,530,2,2,1,OKB7HY0ITU,11.5,,S,male,0,23
530,531,2,1,1,4W6QP1VWPH,26,,S,female,1,2
531,532,3,0,0,9ZCLPTMLBL,7.2292,,C,male,0,
532,533,3,1,1,X0F6ZCJCU0,7.2292,,C,male,0,17
533,534,3,0,2,CQ8ZS5I69C,22.3583,,C,female,1,
534,535,3,0,0,RL5HNJOPSG,8.6625,,S,female,0,30
535,536,2,0,2,051GT5UCX5,26.25,,S,female,1,7
536,537,1,0,0,33DJDL4CDW,26.55,B38,S,male,0,45
537,538,1,0,0,NTVPER1RA9,106.425,,C,female,1,30
538,539,3,0,0,86EUEUZZOY,14.5,,S,male,0,
539,540,1,0,2,5LQZRCJB2N,49.5,B39,C,female,1,22
540,541,1,0,2,PI41DNIG4L,71,B22,S,female,1,36
541,542,3,4,2,ONAHPM2PSV,31.275,,S,female,0,9
542,543,3,4,2,ONAHPM2PSV,31.275,,S,female,0,11
543,544,2,1,0,P6XZK3I9N7,26,,S,male,1,32
544,545,1,1,0,NTVPER1RA9,106.425,C86,C,male,0,50
545,546,1,0,0,RPARBG11F7,26,,S,male,0,64
546,547,2,1,0,P6XZK3I9N7,26,,S,female,1,19
547,548,2,0,0,69ZZ0BXTBA,13.8625,,C,male,1,
548,549,3,1,1,QVD1C7JRD1,20.525,,S,male,0,33
549,550,2,1,1,7KI5JWRIVW,36.75,,S,male,1,8
550,551,1,0,2,56S2EQ8FX0,110.8833,C70,C,male,1,17
551,552,2,0,0,G51OQLECBB,26,,S,male,0,27
552,553,3,0,0,FT06RCGM3R,7.8292,,Q,male,0,
553,554,3,0,0,LT8PN8SYIS,7.225,,C,male,1,22
554,555,3,0,0,SRPH1EAQL4,7.775,,S,female,1,22
555,556,1,0,0,WH6JOBM93T,26.55,,S,male,0,62
556,557,1,1,0,DYR9C9ASUJ,39.6,A16,C,female,1,48
557,558,1,0,0,VS2OP0ORBW,227.525,,C,male,0,
558,559,1,1,1,5FTGNM7O0R,79.65,E67,S,female,1,39
559,560,3,1,0,7WXHGQZ4DM,17.4,,S,female,1,36
560,561,3,0,0,SMGK9BYEO5,7.75,,Q,male,0,
561,562,3,0,0,XRKVYNFSO1,7.8958,,S,male,0,40
562,563,2,0,0,6CQ33WAYI6,13.5,,S,male,0,28
563,564,3,0,0,JYKKZPOD58,8.05,,S,male,0,
564,565,3,0,0,G4UWMZOMPT,8.05,,S,female,0,
565,566,3,2,0,OSSJ8KD5YR,24.15,,S,male,0,24
566,567,3,0,0,5TDFQREXOZ,7.8958,,S,male,0,19
567,568,3,0,4,LFU3QFCKDO,21.075,,S,female,0,29
568,569,3,0,0,SV43XCDZ7A,7.2292,,C,male,0,
569,570,3,0,0,R460S670K3,7.8542,,S,male,1,32
570,571,2,0,0,WTL8A447K1,10.5,,S,male,1,62
571,572,1,2,0,DNZ9I3YP6A,51.4792,C101,S,female,1,53
572,573,1,0,0,HAAYJG13U6,26.3875,E25,S,male,1,36
573,574,3,0,0,FIKWE1YA72,7.75,,Q,female,1,
574,575,3,0,0,JYNGIOPKS4,8.05,,S,male,0,16
575,576,3,0,0,BPTGVWHXI1,14.5,,S,male,0,19
576,577,2,0,0,NJ2SWAOZA2,13,,S,female,1,34
577,578,1,1,0,ZJWGAVW2YQ,55.9,E44,S,female,1,39
578,579,3,1,0,X1CBDM7HIO,14.4583,,C,female,0,
579,580,3,0,0,S6GI81VM8Z,7.925,,S,male,1,32
580,581,2,1,1,8BHW3ZZMES,30,,S,female,1,25
581,582,1,1,1,56S2EQ8FX0,110.8833,C68,C,female,1,39
582,583,2,0,0,M4ESAUHGL4,26,,S,male,0,54
583,584,1,0,0,N21IPF0BRJ,40.125,A10,C,male,0,36
584,585,3,0,0,Z2BRU3SI40,8.7125,,C,male,0,
585,586,1,0,2,5FTGNM7O0R,79.65,E68,S,female,1,18
586,587,2,0,0,8TC4126V5J,15,,S,male,0,47
587,588,1,1,1,LNX2JDNFYR,79.2,B41,C,male,1,60
588,589,3,0,0,3WAS3OH1LT,8.05,,S,male,0,22
589,590,3,0,0,FGNX3XDQ5L,8.05,,S,male,0,
590,591,3,0,0,X143GNQPIH,7.125,,S,male,0,35
591,592,1,1,0,F86D3DSWUW,78.2667,D20,C,female,1,52
592,593,3,0,0,JGAFZLCFVU,7.25,,S,male,0,47
593,594,3,0,2,R3PLYU774W,7.75,,Q,female,0,
594,595,2,1,0,HAG2218YFJ,26,,S,male,0,37
595,596,3,1,1,FQDWU0KKOC,24.15,,S,male,0,36
596,597,2,0,0,NWRJOJHE89,33,,S,female,1,
597,598,3,0,0,JPBOYXJAGI,0,,S,male,0,49
598,599,3,0,0,4531JEVNSI,7.225,,C,male,0,
599,600,1,1,0,IG0R7ICS0T,56.9292,A20,C,male,1,49
600,601,2,2,1,WP0LFF4SCR,27,,S,female,1,24
601,602,3,0,0,H81ZA0O0U9,7.8958,,S,male,0,
602,603,1,0,0,JFTSVD7U9Y,42.4,,S,male,0,
603,604,3,0,0,DNIT9307UE,8.05,,S,male,0,44
604,605,1,0,0,3GN746158H,26.55,,C,male,1,35
605,606,3,1,0,VNH3OR4H5B,15.55,,S,male,0,36
606,607,3,0,0,BFMJMWZTIP,7.8958,,S,male,0,30
607,608,1,0,0,WPUBYDXTSZ,30.5,,S,male,1,27
608,609,2,1,2,NGBW6US2EM,41.5792,,C,female,1,22
609,610,1,0,0,I69FD46WQJ,153.4625,C125,S,female,1,40
610,611,3,1,5,ONAHPM2PSV,31.275,,S,female,0,39
611,612,3,0,0,YNXSC0JQXO,7.05,,S,male,0,
612,613,3,1,0,B2PKTLC82H,15.5,,Q,female,1,
613,614,3,0,0,QQCH6IZQRD,7.75,,Q,male,0,
614,615,3,0,0,RY8WQ5VXDS,8.05,,S,male,0,35
615,616,2,1,2,OE6M7GH76B,65,,S,female,1,24
616,617,3,1,1,WRT1XM5W1K,14.4,,S,male,0,34
617,618,3,1,0,A46A6Z8LES,16.1,,S,female,0,26
618,619,2,2,1,XE1ZDNCE96,39,F4,S,female,1,4
619,620,2,0,0,USKDGQNRSQ,10.5,,S,male,0,26
620,621,3,1,0,F1VH45B25S,14.4542,,C,male,0,27
621,622,1,1,0,VITXM2O3A2,52.5542,D19,S,male,1,42
622,623,3,1,1,X4DMH9UPZS,15.7417,,C,male,1,20
623,624,3,0,0,T4FAOXCY6C,7.8542,,S,male,0,21
624,625,3,0,0,UEYYGONQJO,16.1,,S,male,0,21
625,626,1,0,0,ESUX4L0YMD,32.3208,D50,S,male,0,61
626,627,2,0,0,Q2NZML6CIH,12.35,,Q,male,0,57
627,628,1,0,0,KGQJ2XQW9R,77.9583,D9,S,female,1,21
628,629,3,0,0,MQ308D8D49,7.8958,,S,male,0,26
629,630,3,0,0,61HTME7F2T,7.7333,,Q,male,0,
630,631,1,0,0,MFK28O0VO0,30,A23,S,male,1,80
631,632,3,0,0,3OZRDKTQ4N,7.0542,,S,male,0,51
632,633,1,0,0,TS2832J951,30.5,B50,C,male,1,32
633,634,1,0,0,DMQIW36B3T,0,,S,male,0,
634,635,3,3,2,QSFWFFSU89,27.9,,S,female,0,9
635,636,2,0,0,X0M4UU67GJ,13,,S,female,1,28
636,637,3,0,0,97U3D7JRHC,7.925,,S,male,0,32
637,638,2,1,1,6JV1F4I15Q,26.25,,S,male,0,31
638,639,3,0,5,RCM9XV4I3M,39.6875,,S,female,0,41
639,640,3,1,0,LCXYM85PES,16.1,,S,male,0,
640,641,3,0,0,LMGFB7206S,7.8542,,S,male,0,20
641,642,1,0,0,XD7RLTEH4X,69.3,B35,C,female,1,24
642,643,3,3,2,QSFWFFSU89,27.9,,S,female,0,2
643,644,3,0,0,Q2E163PJZE,56.4958,,S,male,1,
644,645,3,2,1,9KCID4V9UW,19.2583,,C,female,1,0.75
645,646,1,1,0,61GVUETJGK,76.7292,D33,C,male,1,48
646,647,3,0,0,ROVB00M5QY,7.8958,,S,male,0,19
647,648,1,0,0,3C4UM9UF18,35.5,A26,C,male,1,56
648,649,3,0,0,J9LAAGUF5D,7.55,,S,male,0,
649,650,3,0,0,N0XH20SU3G,7.55,,S,female,1,23
650,651,3,0,0,YXRUG7153W,7.8958,,S,male,0,
651,652,2,0,1,IIRJYGYZ1X,23,,S,female,1,18
652,653,3,0,0,Z0J8HRF1TM,8.4333,,S,male,0,21
653,654,3,0,0,5D31RKCUXX,7.8292,,Q,female,1,
654,655,3,0,0,MQT8DNBAKZ,6.75,,Q,female,0,18
655,656,2,2,0,TT4801198O,73.5,,S,male,0,24
656,657,3,0,0,6YAN6LU6O3,7.8958,,S,male,0,
657,658,3,1,1,K3VQ5T4822,15.5,,Q,female,0,32
658,659,2,0,0,847Q6L75IZ,13,,S,male,0,23
659,660,1,0,2,3SSYHVCFTC,113.275,D48,C,male,0,58
660,661,1,2,0,S7T3DXPXV5,133.65,,S,male,1,50
661,662,3,0,0,IZETIZ5R43,7.225,,C,male,0,40
662,663,1,0,0,0SHP0K6X17,25.5875,E58,S,male,0,47
663,664,3,0,0,ZY2AJ3L00V,7.4958,,S,male,0,36
664,665,3,1,0,8SVD5RTA0Z,7.925,,S,male,1,20
665,666,2,2,0,TT4801198O,73.5,,S,male,0,32
666,667,2,0,0,3HZLSJN5Z4,13,,S,male,0,25
667,668,3,0,0,F6VLKTUIFW,7.775,,S,male,0,
668,669,3,0,0,YI2SC4OSCI,8.05,,S,male,0,43
669,670,1,1,0,YAX1JDV9R4,52,C126,S,female,1,
670,671,2,1,1,Z40K2P3XSR,39,,S,female,1,40
671,672,1,1,0,BEMBXLWNWR,52,B71,S,male,0,31
672,673,2,0,0,YX4NSN6LC6,10.5,,S,male,0,70
673,674,2,0,0,JK2P8I38F5,13,,S,male,1,31
674,675,2,0,0,N3LK6W6P5F,0,,S,male,0,
675,676,3,0,0,Z2VJ9H6GWF,7.775,,S,male,0,18
676,677,3,0,0,OW0S3EMDMF,8.05,,S,male,0,24.5
677,678,3,0,0,0VI8KQQ3GH,9.8417,,S,female,1,18
678,679,3,1,6,AFHUAEFZWJ,46.9,,S,female,0,43
679,680,1,0,1,MOG2FTNWIT,512.3292,B51 B53 B55,C,male,1,36
680,681,3,0,0,3VWAY8T7D2,8.1375,,Q,female,0,
681,682,1,0,0,61GVUETJGK,76.7292,D49,C,male,1,27
682,683,3,0,0,O80TPHWVJH,9.225,,S,male,0,20
683,684,3,5,2,AFHUAEFZWJ,46.9,,S,male,0,14
684,685,2,1,1,Z40K2P3XSR,39,,S,male,0,60
685,686,2,1,2,NGBW6US2EM,41.5792,,C,male,0,25
686,687,3,4,1,RCM9XV4I3M,39.6875,,S,male,0,14
687,688,3,0,0,1LG1QJGN9M,10.1708,,S,male,0,19
688,689,3,0,0,33C2A6FXG4,7.7958,,S,male,0,18
689,690,1,0,1,3QW7P5E9KC,211.3375,B5,S,female,1,15
690,691,1,1,0,1Z8FN92OL0,57,B20,S,male,1,31
691,692,3,0,1,77J084SZIX,13.4167,,C,female,1,4
692,693,3,0,0,Q2E163PJZE,56.4958,,S,male,1,
693,694,3,0,0,7T0AK9MBRV,7.225,,C,male,0,25
694,695,1,0,0,A0GHIUCQFR,26.55,,S,male,0,60
695,696,2,0,0,FDP9VIMWHR,13.5,,S,male,0,52
696,697,3,0,0,4F87YCYM8L,8.05,,S,male,0,44
697,698,3,0,0,DH8ONTDMLB,7.7333,,Q,female,1,
698,699,1,1,1,56S2EQ8FX0,110.8833,C68,C,male,0,49
699,700,3,0,0,NQ7GZ325MP,7.65,F G63,S,male,0,42
700,701,1,1,0,VS2OP0ORBW,227.525,C62 C64,C,female,1,18
701,702,1,0,0,SYAPVMQC0Y,26.2875,E24,S,male,1,35
702,703,3,0,1,1JYJUX8XJ1,14.4542,,C,female,0,18
703,704,3,0,0,8J589M9DHQ,7.7417,,Q,male,0,25
704,705,3,1,0,2QOJL7FAWU,7.8542,,S,male,0,26
705,706,2,0,0,1MSHOR0CZT,26,,S,male,0,39
706,707,2,0,0,IR175UKE4G,13.5,,S,female,1,45
707,708,1,0,0,71FMV9UHJS,26.2875,E24,S,male,1,42
708,709,1,0,0,ATWOFP71O1,151.55,,S,female,1,22
709,710,3,1,1,S1ZEINGE98,15.2458,,C,male,1,
710,711,1,0,0,JDIOFWBLMP,49.5042,C90,C,female,1,24
711,712,1,0,0,61RFRSL33L,26.55,C124,S,male,0,
712,713,1,1,0,YAX1JDV9R4,52,C126,S,male,1,48
713,714,3,0,0,WBIMBVV51M,9.4833,,S,male,0,29
714,715,2,0,0,C60UPQ8154,13,,S,male,0,52
715,716,3,0,0,1B8ASDOSPA,7.65,F G73,S,male,0,19
716,717,1,0,0,VS2OP0ORBW,227.525,C45,C,female,1,38
717,718,2,0,0,CP6A6G2FHU,10.5,E101,S,female,1,27
718,719,3,0,0,VTDP6BQORH,15.5,,Q,male,0,
719,720,3,0,0,X1PKO08BBY,7.775,,S,male,0,33
720,721,2,0,1,NWRJOJHE89,33,,S,female,1,6
721,722,3,1,0,NJCZRG2VDK,7.0542,,S,male,0,17
722,723,2,0,0,T8M8UG54B5,13,,S,male,0,34
723,724,2,0,0,GBHAHVZQ54,13,,S,male,0,50
724,725,1,1,0,LL03CWMLQT,53.1,E8,S,male,1,27
725,726,3,0,0,XQKX1E2J4H,8.6625,,S,male,0,20
726,727,2,3,0,T25N6PSWYI,21,,S,female,1,30
727,728,3,0,0,657KUBN37O,7.7375,,Q,female,1,
728,729,2,1,0,SCFBA64PSN,26,,S,male,0,25
729,730,3,1,0,WY143VTZ96,7.925,,S,female,0,25
730,731,1,0,0,3QW7P5E9KC,211.3375,B5,S,female,1,29
731,732,3,0,0,9XAAACQR3E,18.7875,,C,male,0,11
732,733,2,0,0,T96WVMRGB3,0,,S,male,0,
733,734,2,0,0,ZIPGRSVT5M,13,,S,male,0,23
734,735,2,0,0,TISRGKWOIA,13,,S,male,0,23
735,736,3,0,0,UEYYGONQJO,16.1,,S,male,0,28.5
736,737,3,1,3,0PDRPRJ1RM,34.375,,S,female,0,48
737,738,1,0,0,MOG2FTNWIT,512.3292,B101,C,male,1,35
738,739,3,0,0,L45S0MU92P,7.8958,,S,male,0,
739,740,3,0,0,G6F07ODXM2,7.8958,,S,male,0,
740,741,1,0,0,X6HK90YB0I,30,D45,S,male,1,
741,742,1,1,0,F8EB6YNAM9,78.85,C46,S,male,0,36
742,743,1,2,2,INXX02LTQG,262.375,B57 B59 B63 B66,C,female,1,21
743,744,3,1,0,HKD5BT2TOP,16.1,,S,male,0,24
744,745,3,0,0,XFF6V7ZABG,7.925,,S,male,1,31
745,746,1,1,1,PI41DNIG4L,71,B22,S,male,0,70
746,747,3,1,1,2BWDFWN0UW,20.25,,S,male,0,16
747,748,2,0,0,Q79ABNGDBQ,13,,S,female,1,30
748,749,1,1,0,5D1RZEC8LD,53.1,D30,S,male,0,19
749,750,3,0,0,X83XPISS2X,7.75,,Q,male,0,31
750,751,2,1,1,US8IZLNHI4,23,,S,female,1,4
751,752,3,0,1,5QUORO5E1O,12.475,E121,S,male,1,6
752,753,3,0,0,FYA8PT75XX,9.5,,S,male,0,33
753,754,3,0,0,LL6S8XE1DF,7.8958,,S,male,0,23
754,755,2,1,2,OE6M7GH76B,65,,S,female,1,48
755,756,2,1,1,3554JJVGPS,14.5,,S,male,1,0.67
756,757,3,0,0,RW9TSYV5SA,7.7958,,S,male,0,28
757,758,2,0,0,NMJL8UWJ55,11.5,,S,male,0,18
758,759,3,0,0,SZBTWHB3SN,8.05,,S,male,0,34
759,760,1,0,0,PG1XTDO3IL,86.5,B77,S,female,1,33
760,761,3,0,0,BPTGVWHXI1,14.5,,S,male,0,
761,762,3,0,0,EI8G3NV4FJ,7.125,,S,male,0,41
762,763,3,0,0,AVF2SVQ5ZO,7.2292,,C,male,1,20
763,764,1,1,2,UUG6QRGJHN,120,B96 B98,S,female,1,36
764,765,3,0,0,8I2F65G4VN,7.775,,S,male,0,16
765,766,1,1,0,KGQJ2XQW9R,77.9583,D11,S,female,1,51
766,767,1,0,0,VY1C3TH0A5,39.6,,C,male,0,
767,768,3,0,0,SSJS5OUEVN,7.75,,Q,female,0,30.5
768,769,3,1,0,D7GR7MJG2G,24.15,,Q,male,0,
769,770,3,0,0,MLKMB1C0PH,8.3625,,S,male,0,32
770,771,3,0,0,0V2HNLTW44,9.5,,S,male,0,24
771,772,3,0,0,5J8AYY95E4,7.8542,,S,male,0,48
772,773,2,0,0,NV9GCXDIYO,10.5,E77,S,female,0,57
773,774,3,0,0,Z0TAFP3T9A,7.225,,C,male,0,
774,775,2,1,3,PZQHJ8AEZC,23,,S,female,1,54
775,776,3,0,0,EYI8AYPZHI,7.75,,S,male,0,18
776,777,3,0,0,J8X8GAUUR7,7.75,F38,Q,male,0,
777,778,3,0,0,4EDAGDYH1X,12.475,,S,female,1,5
778,779,3,0,0,9WPJO25GM4,7.7375,,Q,male,0,
779,780,1,0,1,3QW7P5E9KC,211.3375,B3,S,female,1,43
780,781,3,0,0,NO9MK5Y62H,7.2292,,C,female,1,13
781,782,1,1,0,1Z8FN92OL0,57,B20,S,female,1,17
782,783,1,0,0,4U8WA8YKIF,30,D6,S,male,0,29
783,784,3,1,2,P47KR1PF7U,23.45,,S,male,0,
784,785,3,0,0,X7X70AFURC,7.05,,S,male,0,25
785,786,3,0,0,T4ADEZ6O6I,7.25,,S,male,0,25
786,787,3,0,0,B9J5M8656T,7.4958,,S,female,1,18
787,788,3,4,1,H8T63L6K61,29.125,,Q,male,0,8
788,789,3,1,2,VSVBM90MZM,20.575,,S,male,1,1
789,790,1,0,0,H4NVTGQORX,79.2,B82 B84,C,male,0,46
790,791,3,0,0,75V6PLB49K,7.75,,Q,male,0,
791,792,2,0,0,Z5TY6LKMY9,26,,S,male,0,16
792,793,3,8,2,8CLGUH86EQ,69.55,,S,female,0,
793,794,1,0,0,Y0CR9JC7GK,30.6958,,C,male,0,
794,795,3,0,0,AUPA5MYVEO,7.8958,,S,male,0,25
795,796,2,0,0,NEFTI7KE9L,13,,S,male,0,39
796,797,1,0,0,Y2EN0LEZH4,25.9292,D17,S,female,1,49
797,798,3,0,0,3D4DXTNZPH,8.6833,,S,female,1,31
798,799,3,0,0,5Y1GMKP3GN,7.2292,,C,male,0,30
799,800,3,1,1,FQDWU0KKOC,24.15,,S,female,0,30
800,801,2,0,0,C60UPQ8154,13,,S,male,0,34
801,802,2,1,1,6JV1F4I15Q,26.25,,S,female,1,31
802,803,1,1,2,UUG6QRGJHN,120,B96 B98,S,male,1,11
803,804,3,0,1,CPRGU240TI,8.5167,,C,male,1,0.42
804,805,3,0,0,K9DQY83HWM,6.975,,S,male,1,27
805,806,3,0,0,G23JICNB54,7.775,,S,male,0,31
806,807,1,0,0,YR5ZWA9LQS,0,A36,S,male,0,39
807,808,3,0,0,27UZI4UC8W,7.775,,S,female,0,18
808,809,2,0,0,32UQ6IAF2G,13,,S,male,0,39
809,810,1,1,0,LL03CWMLQT,53.1,E8,S,female,1,33
810,811,3,0,0,TC59EJD1FZ,7.8875,,S,male,0,26
811,812,3,0,0,OSSJ8KD5YR,24.15,,S,male,0,39
812,813,2,0,0,MZMGGPJ9UY,10.5,,S,male,0,35
813,814,3,4,2,ONAHPM2PSV,31.275,,S,female,0,6
814,815,3,0,0,NYNSN3RZ2O,8.05,,S,male,0,30.5
815,816,1,0,0,X4UA3RTP7H,0,B102,S,male,0,
816,817,3,0,0,35ZJC0DABB,7.925,,S,female,0,23
817,818,2,1,1,2WVGDCBNIP,37.0042,,C,male,0,31
818,819,3,0,0,CD0RBYEH22,6.45,,S,male,0,43
819,820,3,3,2,QSFWFFSU89,27.9,,S,male,0,10
820,821,1,1,1,7VQS6VDXYM,93.5,B69,S,female,1,52
821,822,3,0,0,L4ZOJWNS36,8.6625,,S,male,1,27
822,823,1,0,0,6FHGPUD3FA,0,,S,male,0,38
823,824,3,0,1,5QUORO5E1O,12.475,E121,S,female,1,27
824,825,3,4,1,RCM9XV4I3M,39.6875,,S,male,0,2
825,826,3,0,0,SWU8A2AUM6,6.95,,Q,male,0,
826,827,3,0,0,Q2E163PJZE,56.4958,,S,male,0,
827,828,2,0,2,2WVGDCBNIP,37.0042,,C,male,1,1
828,829,3,0,0,0ZT6O3QJ4I,7.75,,Q,male,1,
829,830,1,0,0,Y7YW04RMB3,80,B28,,female,1,62
830,831,3,1,0,F1VH45B25S,14.4542,,C,female,1,15
831,832,2,1,1,50JB37RJJ8,18.75,,S,male,1,0.83
832,833,3,0,0,22DW4DV5RF,7.2292,,C,male,0,
833,834,3,0,0,PCJZC6RXOH,7.8542,,S,male,0,23
834,835,3,0,0,1XC2ZW6NN1,8.3,,S,male,0,18
835,836,1,1,1,EJ0AO1LC1Y,83.1583,E49,C,female,1,39
836,837,3,0,0,Y7G7WU0E6F,8.6625,,S,male,0,21
837,838,3,0,0,0FYT0DQDOO,8.05,,S,male,0,
838,839,3,0,0,Q2E163PJZE,56.4958,,S,male,1,32
839,840,1,0,0,N65N3LIJCA,29.7,C47,C,male,1,
840,841,3,0,0,S6TL7EW04L,7.925,,S,male,0,20
841,842,2,0,0,NV9GCXDIYO,10.5,,S,male,0,16
842,843,1,0,0,29HHFNDGJR,31,,C,female,1,30
843,844,3,0,0,U8GG5OP1YC,6.4375,,C,male,0,34.5
844,845,3,0,0,FFB4NX3PQY,8.6625,,S,male,0,17
845,846,3,0,0,1EZL3UCND9,7.55,,S,male,0,42
846,847,3,8,2,8CLGUH86EQ,69.55,,S,male,0,
847,848,3,0,0,FWZ6XQJGP1,7.8958,,C,male,0,35
848,849,2,0,1,NWRJOJHE89,33,,S,male,0,28
849,850,1,1,0,IZLXRECH1T,89.1042,C92,C,female,1,
850,851,3,4,2,ONAHPM2PSV,31.275,,S,male,0,4
851,852,3,0,0,DIE9BD6NWJ,7.775,,S,male,0,74
852,853,3,1,1,Q5UXL5H4S9,15.2458,,C,female,0,9
853,854,1,0,1,T9D19PG2JT,39.4,D28,S,female,1,16
854,855,2,1,0,D1DWWKTAC2,26,,S,female,0,44
855,856,3,0,1,QLQ8DT4JDA,9.35,,S,female,1,18
856,857,1,1,1,1KOC75MM8E,164.8667,,S,female,1,45
857,858,1,0,0,18HYSKBAC5,26.55,E17,S,male,1,51
858,859,3,0,3,9KCID4V9UW,19.2583,,C,female,1,24
859,860,3,0,0,IQRU5I3BJR,7.2292,,C,male,0,
860,861,3,2,0,SDKDVJ3ZDH,14.1083,,S,male,0,41
861,862,2,1,0,653K8328Q7,11.5,,S,male,0,21
862,863,1,0,0,DGHP5IG5FR,25.9292,D17,S,female,1,48
863,864,3,8,2,8CLGUH86EQ,69.55,,S,female,0,
864,865,2,0,0,0B9361U0EC,13,,S,male,0,24
865,866,2,0,0,35ZWW11YZO,13,,S,female,1,42